epoch,train_loss,val_loss
1,0.15316659505367278,0.13721834385395051
2,0.13560401129722596,0.13479679536819458
3,0.13453105635643006,0.13392602038383483
4,0.13372584388256073,0.13312701392173767
5,0.1330736141204834,0.13336087918281556
6,0.13233686594963073,0.1318054381608963
7,,
8,,
9,,
10,,
11,,
12,,
13,,
14,,
15,,
16,,
17,,
18,,
19,,
20,,
21,,
22,,
23,,
24,,
25,,
26,,
27,,
28,,
